-24,-1520,-144,28.713
-24,-1520,-144,28.728
4,-1604,-160,28.743
28,-1812,-224,28.758
-24,-1916,-108,28.772
-24,-1916,-108,28.788
48,-2032,-248,28.802
16,-2040,-168,28.818
32,-2040,-192,28.832
32,-2040,-192,28.848
52,-2040,-200,28.862
36,-2040,-164,28.877
64,-2020,-188,28.892
64,-2020,-188,28.907
64,-1932,-148,28.922
48,-1812,-108,28.937
88,-1684,-164,28.951
88,-1684,-164,28.967
64,-1536,-88,28.981
24,-1352,-8,28.997
96,-1220,-116,29.011
96,-1220,-116,29.026
68,-1040,-36,29.041
56,-912,-28,29.056
76,-768,-36,29.074
76,-768,-36,29.089
56,-664,36,29.104
80,-544,0,29.118
60,-496,36,29.134
60,-496,36,29.148
56,-444,44,29.164
84,-432,16,29.178
48,-428,60,29.193
48,-428,60,29.208
36,-480,-12,29.223
36,-520,44,29.241
44,-632,-32,29.255
32,-720,32,29.271
32,-720,32,29.285
56,-844,-80,29.301
28,-972,-12,29.315
60,-1124,-96,29.331
60,-1124,-96,29.345
28,-1268,-52,29.36
28,-1412,-80,29.375
56,-1572,-160,29.39
56,-1572,-160,29.405
28,-1724,-128,29.42
-4,-1836,-104,29.434
32,-1924,-196,29.45
32,-1924,-196,29.464
-24,-2012,-112,29.48
8,-2040,-184,29.494
-4,-2024,-160,29.51
-4,-2024,-160,29.524
-12,-2040,-172,29.539
-8,-1952,-184,29.554
-32,-1900,-156,29.569
-32,-1900,-156,29.584
-32,-1756,-124,29.599
-16,-1652,-148,29.613
-52,-1516,-96,29.629
-52,-1516,-96,29.643
-48,-1384,-100,29.659
-60,-1208,-52,29.673
-64,-1096,-40,29.688
-64,-1096,-40,29.703
-36,-956,-100,29.718
-84,-844,12,29.736
-60,-744,-68,29.751
-80,-624,24,29.766
-80,-624,24,29.78
-76,-620,-8,29.796
-84,-548,56,29.81
-60,-564,8,29.826
-60,-564,8,29.84
-84,-576,76,29.855
8,-488,-32,29.87
-48,-676,8,29.885
-48,-676,8,29.902
-48,-744,60,29.915
-48,-744,60,29.915
4,-820,-48,29.929
-80,-988,44,29.945
-80,-988,44,29.959
-12,-1060,-60,29.975
-64,-1360,8,30.005
-64,-1360,8,30.019
12,-1492,-184,30.034
-36,-1648,-64,30.049
-16,-1760,-108,30.064
56,-1820,-256,30.094
-16,-1948,-84,30.108
48,-1972,-220,30.124
48,-1972,-220,30.138
44,-1960,-204,30.154
8,-1988,-160,30.168
80,-1900,-216,30.198
44,-1864,-148,30.213
48,-1756,-148,30.231
64,-1640,-180,30.246
44,-1524,-84,30.263
44,-1524,-84,30.279
72,-1380,-116,30.293
64,-1248,-84,30.309
20,-1092,4,30.339
84,-980,-96,30.353
64,-820,-44,30.368
48,-748,12,30.383
48,-748,12,30.398
72,-628,-8,30.413
40,-576,40,30.428
64,-512,44,30.442
64,-512,44,30.458
68,-504,24,30.472
40,-492,72,30.488
40,-540,12,30.502
40,-540,12,30.517
8,-568,72,30.532
64,-636,-60,30.547
4,-736,76,30.565
4,-736,-68,30.58
68,-844,-68,30.595
28,-952,-12,30.609
32,-1108,-60,30.625
32,-1108,-72,30.639
32,-1216,-72,30.655
12,-1356,-40,30.669
48,-1608,-204,30.714
-36,-1708,-32,30.729
44,-1820,-244,30.744
44,-1820,-128,30.758
-8,-1844,-128,30.774
-16,-1960,-204,30.788
0,-1868,-188,30.804
0,-1924,-176,30.818
-20,-1816,-172,30.848
-12,-1792,-200,30.863
-12,-1688,-116,30.878
-52,-1688,-116,30.893
-12,-1572,-168,30.908
-48,-1460,-116,30.923
-48,-1348,-44,30.937
-52,-1200,-80,30.967
-56,-1076,-36,30.983
-56,-976,-112,30.997
-36,-976,-112,31.012
-104,-860,52,31.027
-44,-760,-60,31.042
-72,-692,24,31.072
-76,-660,20,31.087
-64,-612,24,31.102
-76,-616,20,31.116
-76,-616,20,31.132
-68,-628,48,31.146
-60,-744,12,31.176
-60,-744,12,31.191
-44,-788,36,31.206
-4,-868,-88,31.156
-76,-992,32,31.17
-76,-992,32,31.186
-4,-1076,-100,31.2
-48,-1340,-40,31.23
-48,-1340,-40,31.245
16,-1468,-168,31.26
-56,-1576,-40,31.274
20,-1648,-228,31.289
20,-1648,-228,31.305
8,-1736,-140,31.319
4,-1832,-176,31.335
68,-1804,-224,31.349
8,-1884,-168,31.379
44,-1832,-180,31.394
44,-1776,-196,31.412
44,-1776,-196,31.427
20,-1736,-108,31.442
72,-1616,-192,31.456
24,-1532,-104,31.486
52,-1408,-116,31.502
80,-1284,-140,31.516
8,-1152,-16,31.531
8,-1152,-16,31.546
64,-1060,-64,31.561
68,-932,-52,31.579
24,-844,4,31.594
72,-744,-36,31.623
60,-668,12,31.639
44,-600,48,31.653
76,-564,-8,31.669
76,-564,-8,31.683
32,-568,68,31.698
60,-560,-4,31.716
20,-624,52,31.731
20,-624,52,31.745
44,-640,32,31.758
44,-732,-28,31.773
4,-812,40,31.788
4,-812,40,31.802
56,-912,-80,31.818
4,-1008,8,31.832
52,-1148,-108,31.848
36,-1224,-68,31.877
4,-1388,-48,31.892
64,-1468,-176,31.907
-8,-1548,-68,31.937
8,-1700,-164,31.951
20,-1680,-180,31.967
20,-1680,-180,31.981
-24,-1808,-152,31.997
-12,-1816,-224,32.026
-12,-1816,-224,32.041
-48,-1764,-128,32.056
-4,-1676,-216,32.071
-48,-1648,-124,32.086
-32,-1536,-132,32.116
-24,-1468,-140,32.13
-60,-1348,-52,32.146
-60,-1348,-52,32.16
-40,-1264,-116,32.176
-60,-1080,-52,32.19
-80,-1032,-28,32.205
-24,-892,-96,32.235
-80,-832,24,32.251
-52,-784,-44,32.265
-52,-784,-44,32.279
-60,-684,4,32.295
-84,-708,12,32.309
-64,-652,24,32.325
-64,-652,24,32.339
-52,-688,4,32.354
-56,-716,32,32.369
-20,-736,-44,32.401
-68,-844,68,32.414
-8,-872,-52,32.429
-40,-972,-32,32.444
-40,-972,-32,32.458
-44,-1068,16,32.474
-4,-1152,-108,32.488
-44,-1256,-12,32.504
-44,-1256,-12,32.518
-4,-1400,-140,32.533
-8,-1536,-132,32.563
-8,-1536,-132,32.58
16,-1652,-188,32.593
-12,-1700,-128,32.607
28,-1728,-184,32.623
28,-1728,-184,32.637
16,-1736,-180,32.653
52,-1700,-208,32.682
52,-1700,-208,32.697
20,-1656,-132,32.712
56,-1560,-176,32.73
40,-1468,-120,32.748
32,-1388,-96,32.762
56,-1272,-124,32.792
64,-1204,-96,32.808
8,-1028,8,32.822
8,-1028,8,32.841
76,-944,-124,32.855
32,-880,-12,32.871
36,-768,4,32.885
68,-720,-36,32.915
28,-668,48,32.93
72,-632,-16,32.945
72,-632,-16,32.96
44,-604,32,32.975
44,-600,32,32.99
24,-636,28,33.004
24,-636,28,33.02
20,-680,52,33.034
44,-764,-28,33.05
4,-840,44,33.064
4,-840,44,33.08
48,-904,-64,33.094
20,-1024,-16,33.109
20,-1128,-48,33.124
20,-1128,-48,33.139
28,-1216,-96,33.154
8,-1312,-32,33.169
20,-1492,-112,33.213
-24,-1588,-92,33.229
24,-1608,-212,33.247
-8,-1668,-160,33.261
-8,-1668,-160,33.276
-8,-1716,-168,33.291
-8,-1684,-192,33.306
-32,-1692,-168,33.324
-32,-1692,-168,33.338
-24,-1588,-168,33.354
-36,-1560,-164,33.368
-40,-1476,-136,33.398
-28,-1404,-148,33.414
-48,-1300,-96,33.428
-32,-1188,-104,33.443
-68,-1136,-44,33.473
-52,-996,-44,33.491
-28,-932,-108,33.505
-88,-864,32,33.521
-88,-864,32,33.535
-64,-788,-8,33.551
-48,-748,-16,33.565
-88,-740,64,33.581
-44,-724,-28,33.61
-80,-720,44,33.625
-28,-784,32,33.64
-28,-784,32,33.655
-28,-792,24,33.67
-76,-852,56,33.684
0,-912,-44,33.7
0,-912,-44,33.714
-40,-992,-24,33.73
-44,-1072,-8,33.744
0,-1140,-128,33.759
0,-1140,-128,33.774
-8,-1380,-140,33.807
-12,-1376,-104,33.825
4,-1528,-148,33.839
4,-1528,-148,33.855
-12,-1544,-132,33.869
32,-1620,-220,33.885
4,-1624,-116,33.899
4,-1624,-116,33.915
36,-1636,-188,33.929
36,-1636,-188,33.929
28,-1600,-180,33.959
28,-1600,-180,33.974
48,-1540,-168,33.989
28,-1488,-136,34.004
40,-1396,-124,34.018
40,-1396,-124,34.034
32,-1324,-84,34.048
40,-1160,-48,34.078
40,-1160,-48,34.093
16,-1040,-12,34.108
60,-956,-72,34.123
32,-864,0,34.141
52,-800,-16,34.156
52,-720,-8,34.185
40,-684,28,34.201
64,-660,-16,34.215
64,-660,-16,34.231
40,-664,32,34.245
28,-660,28,34.26
20,-716,-4,34.275
20,-716,-4,34.29
24,-744,32,34.305
28,-804,-8,34.32
16,-872,4,34.334
16,-872,4,34.35
44,-944,-52,34.364
32,-1136,-80,34.394
32,-1136,-80,34.41
20,-1220,-60,34.424
8,-1308,-92,34.439
28,-1396,-140,34.454
12,-1560,-168,34.499
8,-1548,-164,34.513
8,-1548,-164,34.529
-24,-1620,-140,34.543
4,-1580,-192,34.559
-28,-1604,-168,34.573
-28,-1604,-168,34.588
-32,-1560,-160,34.603
-20,-1520,-180,34.618
-40,-1480,-140,34.636
-40,-1480,-140,34.651
-40,-1324,-112,34.68
-52,-1220,-80,34.696
-52,-1220,-80,34.71
-48,-1168,-84,34.726
-60,-1064,-32,34.74
-68,-980,-12,34.755
-68,-980,-12,34.77
-32,-924,-92,34.788
-48,-808,-44,34.821
-52,-748,-8,34.836
-68,-760,16,34.851
-68,-760,16,34.865
-52,-740,8,34.881
-48,-772,28,34.895
-32,-752,36,34.911
-52,-852,0,34.94
-36,-880,12,34.955
-36,-880,-68,34.969
-16,-948,-68,34.985
-56,-1032,-8,35.0
-12,-1104,-88,35.014
-36,-1204,-48,35.03
-36,-1204,-48,35.044
-20,-1296,-100,35.06
-20,-1348,-96,35.074
-16,-1420,-100,35.104
12,-1480,-172,35.119
-8,-1540,-132,35.137
12,-1560,-160,35.155
28,-1548,-180,35.169
28,-1548,-180,35.185
0,-1564,-148,35.199
36,-1524,-184,35.215
24,-1500,-152,35.245
28,-1448,-124,35.259
48,-1372,-164,35.274
24,-1328,-84,35.289
24,-1328,-84,35.304
44,-1228,-104,35.319
12,-1064,-4,35.348
12,-1064,-4,35.364
48,-980,-76,35.378
32,-904,-16,35.394
36,-844,-28,35.408
52,-768,-16,35.438
24,-756,4,35.453
44,-696,-4,35.471
44,-696,-16,35.486
44,-696,-16,35.501
32,-680,20,35.515
28,-732,-24,35.531
28,-736,24,35.545
20,-736,24,35.561
28,-792,-36,35.575
12,-856,16,35.59
12,-932,-52,35.605
32,-932,-52,35.62
12,-1008,-20,35.635
20,-1088,-68,35.65
20,-1152,-56,35.665
12,-1256,-72,35.694
12,-1424,-128,35.724
12,-1424,-128,35.74
-4,-1424,-80,35.754
8,-1508,-164,35.769
-16,-1508,-112,35.784
-8,-1528,-176,35.814
-20,-1524,-112,35.829
-16,-1520,-172,35.843
-16,-1520,-172,35.859
-24,-1476,-136,35.873
-32,-1424,-148,35.889
-28,-1364,-140,35.903
-28,-1364,-140,35.918
-48,-1292,-108,35.933
-40,-1128,-88,35.963
-40,-1128,-88,35.978
-52,-1080,-76,35.993
-60,-980,-40,36.008
-48,-932,-56,36.022
-48,-932,-56,36.038
-64,-884,-20,36.052
-64,-796,20,36.082
-64,-796,20,36.097
-56,-784,-32,36.112
-56,-764,8,36.127
-40,-816,-4,36.142
-28,-772,16,36.171
-56,-876,-16,36.187
-28,-872,16,36.201
-28,-872,16,36.217
-20,-960,-56,36.231
-64,-1036,36,36.246
-4,-1080,-84,36.261
-4,-1080,-84,36.276
-20,-1176,-64,36.291
-52,-1224,-12,36.306
4,-1324,-164,36.324
4,-1324,-164,36.338
-44,-1364,-40,36.354
-4,-1452,-120,36.384
-4,-1452,-120,36.398
-8,-1516,-120,36.414
32,-1492,-168,36.428
4,-1512,-140,36.443
4,-1512,-140,36.458
12,-1488,-136,36.473
12,-1408,-112,36.503
12,-1408,-112,36.517
36,-1328,-156,36.533
24,-1280,-120,36.547
20,-1200,-96,36.563
20,-1200,-96,36.577
40,-1140,-112,36.592
4,-992,12,36.622
48,-920,-76,36.639
48,-920,-76,36.655
32,-840,-24,36.67
32,-824,-24,36.684
48,-756,-28,36.7
16,-756,-4,36.73
36,-716,0,36.744
40,-732,-12,36.758
40,-732,-12,36.774
-4,-760,44,36.789
40,-760,-32,36.807
4,-816,28,36.822
4,-816,-12,36.837
16,-864,-12,36.851
24,-916,-32,36.867
-4,-1008,-4,36.881
-4,-1008,-76,36.897
36,-1064,-76,36.911
4,-1224,-60,36.941
4,-1224,-92,36.956
16,-1260,-92,36.974
4,-1356,-92,36.989
16,-1396,-124,37.004
-4,-1420,-96,37.018
-4,-1420,-96,37.034
-8,-1480,-164,37.048
-24,-1496,-144,37.078
-24,-1496,-144,37.093
-20,-1428,-160,37.108
-36,-1436,-156,37.123
-36,-1372,-132,37.14
-24,-1312,-160,37.156
-24,-1312,-160,37.171
-44,-1264,-120,37.185
-44,-1120,-84,37.215
-44,-1120,-84,37.231
-36,-1052,-100,37.245
-76,-1020,-32,37.26
-48,-932,-60,37.275
-60,-884,-8,37.305
-40,-860,-76,37.32
-72,-812,32,37.334
-72,-812,32,37.35
-48,-828,-20,37.364
-72,-792,44,37.38
-24,-832,-12,37.394
-40,-788,56,37.424
-32,-900,-4,37.439
-32,-896,48,37.469
-16,-968,-48,37.484
-56,-1028,44,37.499
-4,-1084,-84,37.513
-4,-1084,-84,37.529
-36,-1160,-32,37.543
-32,-1220,-24,37.559
8,-1300,-164,37.573
8,-1300,-164,37.588
-44,-1316,-32,37.603
4,-1380,-176,37.618
-16,-1400,-100,37.633
8,-1456,-168,37.662
28,-1424,-176,37.678
-4,-1448,-160,37.692
-4,-1448,-160,37.708
32,-1408,-192,37.722
12,-1388,-152,37.738
20,-1340,-132,37.767
28,-1284,-156,37.782
12,-1236,-88,37.797
28,-1164,-116,37.812
28,-1164,-116,37.827
28,-1084,-76,37.841
40,-1032,-72,37.859
16,-976,-24,37.889
52,-940,-72,37.905
16,-852,-8,37.919
36,-828,-16,37.934
36,-828,-16,37.949
36,-780,-8,37.964
32,-776,28,37.982
48,-772,-8,37.996
24,-764,32,38.012
24,-764,32,38.026
16,-804,20,38.042
16,-796,28,38.056
16,-856,4,38.07
16,-856,4,38.086
8,-884,8,38.101
4,-1016,-16,38.13
4,-1016,-16,38.146
28,-1072,-88,38.161
8,-1140,-56,38.175
4,-1188,-68,38.191
4,-1188,-68,38.205
16,-1292,-144,38.221
4,-1384,-172,38.249
-8,-1368,-116,38.28
-12,-1428,-172,38.298
-20,-1376,-148,38.313
-16,-1416,-192,38.328
-16,-1416,-192,38.342
-32,-1372,-140,38.358
-28,-1356,-172,38.372
-36,-1320,-124,38.388
-36,-1320,-124,38.402
-28,-1264,-136,38.417
-44,-1216,-84,38.432
-28,-1140,-96,38.447
-60,-1136,-60,38.48
-44,-1044,-40,38.495
-44,-952,-48,38.509
-44,-952,-48,38.525
-48,-964,-60,38.539
-72,-872,36,38.555
-40,-888,-24,38.584
-68,-852,24,38.599
-60,-848,12,38.614
-56,-848,12,38.632
-36,-852,12,38.65
-44,-904,4,38.694
-28,-932,-4,38.71
-28,-932,-4,38.724
-16,-980,-64,38.74
-44,-1060,-12,38.754
-16,-1080,-72,38.769
-16,-1080,-72,38.784
-40,-1176,-60,38.799
-20,-1224,-108,38.814
4,-1196,-112,38.829
-8,-1344,-136,38.846
-8,-1344,-136,38.862
-16,-1312,-108,38.877
8,-1372,-180,38.891
-12,-1380,-124,38.907
20,-1380,-204,38.937
12,-1384,-140,38.951
16,-1356,-152,38.965
16,-1356,-152,38.981
24,-1312,-156,38.996
0,-1280,-108,39.014
24,-1216,-128,39.029
24,-1184,-92,39.044
20,-1108,-60,39.074
44,-1064,-92,39.088
12,-1000,-24,39.104
12,-1000,-24,39.118
48,-976,-84,39.133
16,-896,20,39.148
36,-880,-28,39.163
36,-880,-28,39.181
28,-812,4,39.196
36,-772,8,39.225
36,-772,8,39.241
32,-788,8,39.255
4,-796,28,39.271
12,-824,-12,39.285
12,-824,-12,39.3
16,-832,4,39.315
12,-900,-28,39.33
12,-916,-12,39.348
20,-992,-64,39.363
20,-992,-64,39.378
4,-1040,-28,39.392
24,-1084,-88,39.41
0,-1148,-64,39.426
0,-1148,-64,39.44
20,-1224,-128,39.455
-4,-1328,-148,39.485
-12,-1300,-108,39.502
-12,-1300,-108,39.518
-4,-1364,-160,39.533
-28,-1336,-124,39.547
-8,-1364,-180,39.563
-28,-1328,-140,39.593
-24,-1336,-168,39.607
-32,-1288,-104,39.621
-32,-1288,-104,39.637
-28,-1252,-136,39.652
-36,-1204,-92,39.67
-20,-1152,-88,39.688
-48,-1144,-68,39.702
-48,-1144,-68,39.718
-40,-1040,-64,39.732
-56,-1008,-16,39.748
-36,-976,-76,39.778
-52,-908,0,39.792
-48,-880,4,39.822
-48,-880,4,39.837
-52,-852,-16,39.852
-64,-860,16,39.867
-28,-860,-16,39.897
-36,-880,24,39.911
-40,-916,-16,39.927
-32,-944,12,39.941
-32,-944,12,39.956
-16,-968,-64,39.971
-48,-1028,-20,39.986
-24,-1036,-56,40.004
-32,-1108,-76,40.022
-32,-1108,-76,40.036
-32,-1168,-76,40.052
-8,-1204,-120,40.066
-24,-1248,-80,40.082
-24,-1248,-80,40.096
-4,-1296,-160,40.112
-16,-1304,-112,40.126
4,-1340,-160,40.141
8,-1320,-152,40.171
4,-1332,-160,40.186
8,-1304,-132,40.201
8,-1304,-132,40.215
12,-1300,-156,40.231
8,-1260,-104,40.245
20,-1224,-132,40.261
8,-1184,-88,40.29
12,-1124,-88,40.305
40,-1080,-124,40.32
16,-1024,-28,40.337
16,-1024,-28,40.353
16,-976,-48,40.368
36,-920,-64,40.382
4,-896,8,40.398
4,-896,8,40.412
44,-856,-32,40.428
20,-824,0,40.442
24,-824,8,40.456
24,-824,8,40.472
40,-804,-20,40.487
8,-804,32,40.505
12,-836,-24,40.52
8,-828,8,40.535
8,-828,8,40.549
16,-888,-32,40.565
8,-904,-20,40.579
16,-972,-60,40.595
8,-1020,-36,40.624
16,-1064,-68,40.639
8,-1124,-48,40.654
8,-1124,-48,40.672
8,-1196,-96,40.687
16,-1164,-92,40.702
-8,-1264,-96,40.732
4,-1264,-116,40.746
4,-1296,-164,40.762
-20,-1328,-120,40.776
-20,-1328,-120,40.791
-4,-1304,-160,40.806
-28,-1280,-124,40.839
-24,-1272,-128,40.854
-24,-1272,-128,40.869
-28,-1248,-104,40.883
-24,-1200,-128,40.899
-28,-1152,-92,40.929
-44,-1108,-92,40.943
-40,-1072,-84,40.961
-48,-1008,-48,40.976
-48,-1008,-48,40.991
-48,-984,-40,41.006
-44,-940,-48,41.021
-40,-912,-36,41.05
-48,-896,-28,41.066
-56,-864,-4,41.08
-56,-872,-12,41.096
-56,-872,0,41.11
-24,-888,-12,41.14
-28,-912,-32,41.155
-56,-948,24,41.172
-56,-948,24,41.188
-4,-964,-76,41.203
-52,-1008,-4,41.217
-20,-1032,-44,41.233
-12,-1080,-104,41.263
-56,-1136,-16,41.277
8,-1180,-144,41.291
8,-1180,-144,41.307
-24,-1204,-68,41.322
-16,-1256,-100,41.34
0,-1264,-132,41.358
-8,-1312,-124,41.372
-8,-1312,-124,41.388
8,-1284,-164,41.402
8,-1296,-152,41.418
0,-1284,-120,41.432
0,-1284,-120,41.448
24,-1260,-156,41.462
24,-1200,-128,41.492
24,-1200,-128,41.507
20,-1168,-112,41.522
12,-1116,-92,41.537
20,-1068,-92,41.551
20,-1068,-92,41.567
-4,-972,-4,41.597
32,-936,-92,41.611
32,-936,-92,41.626
16,-900,-28,41.641
12,-888,-32,41.656
40,-840,-32,41.674
28,-844,-28,41.689
28,-844,-28,41.704
20,-816,-4,41.718
32,-816,-32,41.734
-8,-852,24,41.748
-8,-852,24,41.764
32,-856,-48,41.778
-4,-892,16,41.793
16,-928,-40,41.808
16,-944,-32,41.838
-4,-1016,-24,41.853
24,-1036,-56,41.868
-4,-1100,-48,41.896
-4,-1132,-52,41.913
12,-1168,-112,41.927
12,-1168,-112,41.943
-12,-1240,-72,41.957
8,-1216,-108,41.972
-8,-1284,-136,42.002
-24,-1260,-92,42.017
-8,-1280,-144,42.032
-20,-1288,-116,42.046
-20,-1288,-116,42.062
-16,-1268,-152,42.076
-24,-1248,-132,42.092
-32,-1228,-136,42.121
-20,-1172,-136,42.136
-40,-1144,-108,42.151
-36,-1104,-104,42.166
-28,-1044,-96,42.196
-48,-1036,-56,42.211
-40,-1008,-68,42.225
-40,-1008,-68,42.241
-48,-944,-48,42.255
-56,-936,-24,42.271
-32,-900,-64,42.3
-52,-908,-16,42.315
-52,-876,-8,42.33
-40,-888,-28,42.345
-40,-888,-28,42.36
-32,-936,12,42.374
-48,-956,32,42.404
-48,-956,32,42.42
-12,-984,-32,42.434
-32,-1008,-28,42.449
-32,-1032,-20,42.464
-32,-1032,-20,42.479
-12,-1060,-72,42.497
-52,-1096,0,42.515
-4,-1160,-120,42.53
-16,-1168,-76,42.545
-16,-1220,-104,42.575
-8,-1212,-100,42.589
-12,-1268,-124,42.605
-12,-1268,-124,42.619
-4,-1264,-112,42.634
12,-1272,-168,42.649
-4,-1264,-116,42.663
-4,-1264,-116,42.678
24,-1240,-176,42.694
0,-1212,-116,42.708
12,-1188,-136,42.738
12,-1144,-116,42.754
8,-1112,-112,42.768
24,-1060,-104,42.782
12,-1028,-76,42.813
24,-1012,-76,42.828
12,-940,-28,42.842
12,-940,-28,42.858
24,-920,-44,42.873
28,-884,-52,42.887
12,-860,-12,42.903
32,-852,-40,42.933
20,-848,-24,42.947
20,-840,-4,42.961
20,-840,-4,42.977
4,-856,-20,42.992
8,-880,12,43.01
12,-896,-16,43.025
0,-932,4,43.04
0,-932,4,43.054
12,-952,-32,43.069
8,-996,-24,43.084
4,-1036,-44,43.1
4,-1036,-44,43.114
8,-1064,-56,43.129
-4,-1120,-60,43.144
4,-1144,-80,43.159
4,-1144,-80,43.177
4,-1204,-112,43.192
4,-1240,-148,43.221
-24,-1212,-88,43.251
-4,-1264,-168,43.267
-28,-1232,-124,43.281
-28,-1232,-160,43.296
-24,-1248,-160,43.311
-24,-1216,-128,43.326
-32,-1208,-136,43.344
-32,-1164,-116,43.359
-32,-1164,-116,43.374
-24,-1140,-116,43.388
-24,-1044,-92,43.418
-24,-1044,-92,43.434
-44,-1024,-76,43.448
-40,-1024,-76,43.463
-48,-944,-24,43.478
-48,-944,-24,43.493
-52,-960,-28,43.508
-68,-900,24,43.537
-68,-900,24,43.553
-44,-928,-32,43.567
-48,-888,0,43.583
-24,-936,-28,43.613
-32,-908,0,43.627
-40,-984,-12,43.642
-28,-948,4,43.657
-28,-948,4,43.672
-28,-1012,-52,43.687
-36,-1036,-12,43.702
-4,-1056,-80,43.716
-48,-1112,-4,43.746
4,-1132,-140,43.762
-32,-1168,-60,43.776
-32,-1168,-60,43.791
-24,-1204,-84,43.806
-4,-1204,-112,43.821
-8,-1260,-128,43.836
8,-1228,-128,43.866
12,-1252,-176,43.881
-12,-1220,-100,43.895
-12,-1220,-100,43.911
32,-1204,-180,43.925
-8,-1176,-84,43.941
16,-1156,-124,43.955
8,-1124,-92,43.985
8,-1096,-92,44.0
20,-1048,-100,44.015
12,-1024,-68,44.033
12,-1024,-68,44.048
32,-1004,-104,44.062
4,-944,-20,44.078
20,-940,-64,44.092
20,-940,-64,44.108
4,-880,-4,44.137
32,-856,-40,44.152
32,-856,-40,44.167
12,-856,-8,44.182
24,-848,-12,44.197
16,-864,-32,44.211
16,-864,-32,44.227
4,-892,-8,44.241
16,-912,-36,44.257
-4,-940,4,44.271
-4,-940,4,44.286
8,-964,-40,44.301
4,-992,-28,44.316
4,-1024,-52,44.333
4,-1048,-48,44.364
0,-1100,-60,44.378
-4,-1116,-76,44.394
-4,-1116,-76,44.408
4,-1172,-100,44.424
-4,-1180,-100,44.452
-4,-1180,-100,44.468
-12,-1244,-116,44.483
-12,-1192,-104,44.501
-12,-1240,-140,44.519
-32,-1208,-84,44.533
-12,-1196,-152,44.549
-12,-1196,-152,44.563
-40,-1164,-108,44.579
-36,-1112,-108,44.609
-36,-1112,-108,44.623
-36,-1088,-104,44.638
-32,-1048,-92,44.653
-28,-1008,-92,44.668
-28,-1008,-92,44.686
-48,-1012,-64,44.7
-20,-980,-88,44.716
-56,-948,-28,44.746
-40,-956,-36,44.76
-28,-908,-52,44.776
-52,-936,-8,44.79
-52,-936,-8,44.805
-36,-896,-24,44.82
-28,-952,-24,44.85
-28,-952,-24,44.865
-40,-944,20,44.879
-16,-968,-60,44.895
-52,-996,20,44.909
-52,-996,20,44.925
-16,-1024,-52,44.939
-48,-1092,8,44.969
-48,-1092,8,44.984
4,-1120,-128,44.999
-24,-1148,-44,45.014
-12,-1200,-120,45.029
-12,-1200,-120,45.044
-8,-1148,-84,45.058
-8,-1236,-104,45.074
-4,-1204,-100,45.088
8,-1216,-140,45.118
-4,-1204,-124,45.133
16,-1180,-164,45.148
16,-1180,-164,45.163
4,-1180,-120,45.178
8,-1108,-120,45.223
12,-1080,-104,45.237
12,-1044,-100,45.253
16,-1024,-92,45.267
16,-1024,-92,45.283
4,-972,-44,45.297
40,-980,-120,45.312
-12,-916,24,45.327
-12,-916,24,45.342
28,-928,-92,45.357
16,-884,-24,45.372
12,-892,-24,45.386
12,-892,-24,45.402
28,-860,-44,45.416
4,-868,8,45.432
12,-888,-20,45.446
12,-888,-20,45.461
12,-896,-32,45.476
0,-924,20,45.491
16,-944,-44,45.506
16,-944,-44,45.521
0,-964,-4,45.535
8,-1020,-44,45.569
-8,-1072,-40,45.583
-8,-1072,-40,45.599
8,-1092,-56,45.613
0,-1160,-92,45.643
0,-1160,-92,45.658
-4,-1168,-96,45.673
-8,-1172,-76,45.688
-4,-1204,-128,45.702
-16,-1176,-100,45.732
-12,-1220,-148,45.748
-36,-1168,-116,45.762
-36,-1168,-116,45.778
-16,-1176,-160,45.792
-20,-1128,-152,45.822
-20,-1128,-152,45.837
-32,-1116,-124,45.852
-32,-1076,-104,45.867
-36,-1040,-96,45.881
-36,-1008,-88,45.911
-36,-1004,-80,45.927
-32,-984,-76,45.941
-32,-984,-76,45.956
-52,-956,-12,45.971
-36,-960,-60,45.986
-44,-924,-24,46.003
-44,-924,-24,46.019
-60,-944,-4,46.034
-32,-916,-28,46.048
-32,-900,8,46.078
-24,-956,-20,46.094
-32,-936,32,46.108
-12,-976,-44,46.122
-12,-976,-44,46.138
-36,-984,4,46.153
-16,-1028,-52,46.171
-32,-1080,-36,46.201
-32,-1080,-36,46.215
-12,-1120,-88,46.231
-32,-1140,-56,46.245
-12,-1164,-104,46.261
-12,-1164,-104,46.275
-8,-1152,-100,46.29
4,-1156,-132,46.32
-4,-1196,-152,46.338
-4,-1196,-152,46.356
-12,-1164,-120,46.37
16,-1148,-172,46.386
-8,-1136,-100,46.4
-8,-1136,-100,46.416
24,-1120,-156,46.43
16,-1064,-112,46.46
16,-1064,-112,46.475
20,-1032,-112,46.49
0,-1016,-68,46.505
12,-984,-64,46.52
12,-984,-64,46.535
36,-980,-120,46.549
28,-928,-92,46.579
28,-928,-92,46.595
28,-888,-44,46.609
-4,-904,-8,46.624
36,-868,-60,46.639
36,-868,-60,46.654
8,-884,-8,46.669
-4,-904,8,46.684
24,-900,-36,46.699
24,-900,-36,46.714
-12,-936,32,46.728
24,-944,-56,46.744
0,-976,8,46.758
0,-976,8,46.774
4,-1012,-36,46.788
-12,-1076,-40,46.818
-12,-1076,-40,46.833
4,-1064,-48,46.847
-16,-1152,-64,46.877
-16,-1152,-64,46.893
24,-1132,-156,46.907
-16,-1204,-136,46.937
-16,-1204,-136,46.952
-12,-1132,-108,46.967
-32,-1200,-144,46.982
-32,-1136,-112,46.997
-32,-1136,-112,47.012
-8,-1160,-176,47.027
-8,-1104,-172,47.056
-8,-1104,-172,47.072
-56,-1084,-92,47.086
-24,-1060,-132,47.104
-28,-1036,-84,47.119
-44,-1008,-76,47.134
-36,-980,-76,47.164
-32,-1000,-76,47.179
-56,-960,-4,47.194
-56,-960,-4,47.209
-32,-964,-52,47.223
-28,-936,-44,47.238
-48,-924,0,47.253
-24,-936,-32,47.283
-20,-908,0,47.298
-32,-980,-8,47.313
-32,-980,-8,47.328
-24,-940,16,47.343
-12,-1000,-56,47.358
-44,-1004,20,47.372
-8,-1028,-68,47.402
-44,-1076,0,47.418
-16,-1076,-64,47.432
-16,-1076,-64,47.448
-16,-1100,-92,47.462
-20,-1148,-80,47.477
0,-1144,-124,47.492
-24,-1156,-72,47.522
0,-1200,-128,47.537
-4,-1136,-104,47.551
-4,-1136,-104,47.567
-4,-1128,-104,47.597
16,-1140,-176,47.611
16,-1140,-176,47.626
-8,-1100,-96,47.641
32,-1104,-188,47.656
0,-1068,-96,47.673
20,-1052,-136,47.704
4,-1016,-104,47.718
4,-1004,-76,47.734
4,-1004,-76,47.748
12,-968,-60,47.764
32,-960,-124,47.778
4,-912,-12,47.792
8,-932,-48,47.823
32,-888,-52,47.841
-8,-916,-4,47.856
16,-892,-24,47.871
16,-892,-24,47.885
8,-908,-20,47.901
-16,-912,28,47.915
32,-900,-72,47.931
32,-900,-72,47.945
-12,-952,36,47.96
16,-952,-60,47.975
-8,-976,-4,47.99
-4,-1020,-16,48.008
-4,-1020,-16,48.023
16,-1024,-60,48.038
0,-1064,-84,48.068
0,-1064,-84,48.082
4,-1088,-76,48.098
-20,-1156,-68,48.112
12,-1088,-116,48.127
-28,-1164,-104,48.157
-24,-1128,-96,48.175
-12,-1140,-168,48.193
-36,-1156,-96,48.207
-36,-1156,-96,48.223
-12,-1116,-168,48.237
-24,-1128,-140,48.253
-40,-1108,-136,48.267
-40,-1108,-136,48.283
-24,-1088,-156,48.297
-52,-1068,-100,48.312
-24,-1052,-116,48.327
-28,-1028,-84,48.357
-40,-1008,-76,48.372
-24,-1024,-116,48.386
-24,-1024,-116,48.402
-48,-964,-44,48.416
-32,-952,-48,48.446
-32,-952,-48,48.461
-48,-944,-24,48.476
-36,-956,-20,48.491
-24,-936,4,48.508
-24,-960,-20,48.524
-12,-960,-20,48.539
-36,-968,16,48.553
-20,-1004,-20,48.583
-24,-1004,-20,48.599
-36,-1020,-4,48.613
-8,-1032,-44,48.627
-36,-1052,-8,48.646
-36,-1052,-8,48.661
-8,-1080,-80,48.676
-24,-1112,-80,48.694
-16,-1136,-104,48.708
0,-1096,-84,48.724
-12,-1168,-136,48.754
-16,-1096,-88,48.768
12,-1168,-176,48.784
12,-1168,-176,48.798
-28,-1132,-76,48.813
24,-1124,-192,48.828
-8,-1116,-132,48.843
-8,-1116,-132,48.861
12,-1104,-156,48.875
-4,-1060,-80,48.905
-4,-1060,-80,48.921
24,-1028,-144,48.935
-8,-1008,-68,48.951
0,-996,-60,48.965
40,-980,-128,48.995
-12,-952,-8,49.01
28,-940,-84,49.025
28,-940,-84,49.04
24,-908,-40,49.054
-8,-928,0,49.07
32,-908,-28,49.084
32,-908,-28,49.1
4,-912,4,49.114
-8,-908,20,49.129
16,-924,-56,49.144
16,-924,-56,49.159
-12,-948,28,49.174
4,-960,-40,49.189
-8,-976,4,49.204
-4,-1004,-40,49.233
0,-1004,-24,49.249
4,-1052,-60,49.263
4,-1052,-60,49.279
4,-1080,-92,49.308
-4,-1108,-88,49.388
-4,-1108,-88,49.404
0,-1072,-92,49.418
-16,-1148,-112,49.434
-28,-1100,-108,49.448
-8,-1144,-160,49.478
-44,-1120,-104,49.493
-8,-1128,-176,49.511
-32,-1108,-136,49.526
-32,-1108,-136,49.541
-32,-1108,-140,49.555
-24,-1044,-136,49.571
-36,-1072,-96,49.585
-36,-1072,-96,49.601
-28,-1044,-116,49.615
-40,-1004,-56,49.645
-40,-1004,-56,49.66
-28,-1012,-96,49.675
-48,-968,-44,49.69
-32,-972,-56,49.704
-36,-944,-40,49.734
-28,-956,-48,49.75
-52,-944,-8,49.764
-52,-944,-8,49.779
-36,-952,-20,49.794
-24,-964,4,49.809
-16,-972,-16,49.824
-32,-992,24,49.854
-8,-980,-32,49.869
-24,-1012,-20,49.883
-24,-1012,-20,49.899
-16,-1056,-80,49.929
-32,-1076,-44,49.943
-32,-1076,-44,49.958
-16,-1060,-96,49.973
-32,-1116,-68,49.988
-20,-1076,-80,50.005
-4,-1104,-124,50.021
-4,-1104,-124,50.036
-16,-1132,-120,50.05
-8,-1120,-144,50.08
-8,-1120,-144,50.096
-8,-1096,-96,50.11
12,-1108,-164,50.124
-8,-1072,-100,50.14
-8,-1072,-100,50.155
28,-1076,-176,50.17
12,-1044,-132,50.199
12,-1044,-132,50.215
8,-1016,-88,50.229
-4,-1012,-60,50.247
16,-984,-84,50.263
16,-984,-84,50.277
36,-968,-96,50.292
32,-940,-76,50.322
8,-924,-4,50.34
8,-924,-4,50.355
4,-928,-20,50.37
24,-916,-40,50.384
-16,-928,12,50.4
-16,-928,12,50.414
12,-936,-28,50.43
-8,-940,-4,50.444
0,-956,-20,50.459
0,-956,-20,50.474
4,-956,-52,50.489
-4,-988,-24,50.507
0,-996,-56,50.522
0,-1028,-56,50.537
0,-1028,-56,50.551
-12,-1044,-36,50.567
4,-1060,-72,50.581
-8,-1084,-80,50.611
-8,-1076,-72,50.626
-20,-1116,-76,50.656
-20,-1116,-76,50.674
-4,-1112,-124,50.689
-20,-1100,-100,50.704
-24,-1112,-132,50.718
-24,-1112,-132,50.734
-20,-1088,-136,50.748
-36,-1100,-132,50.764
-12,-1068,-136,50.778
-12,-1068,-136,50.793
-24,-1064,-120,50.808
-28,-1032,-112,50.84
-28,-1036,-72,50.856
-28,-1036,-72,50.871
-24,-1000,-88,50.885
-28,-996,-84,50.901
-32,-1004,-60,50.915
-32,-1004,-60,50.931
-40,-960,-44,50.945
-32,-960,-40,50.975
-32,-960,-40,50.99
-32,-960,-36,51.005
-32,-944,-20,51.02
-12,-960,-40,51.035
-28,-964,-4,51.064
-24,-992,-28,51.08
-16,-988,-36,51.094
-16,-988,-36,51.11
-12,-1028,-64,51.138
-20,-1040,-44,51.154
-20,-1040,-44,51.169
-24,-1064,-56,51.184
-12,-1056,-80,51.199
-24,-1096,-76,51.213
-24,-1096,-76,51.229
-12,-1096,-88,51.243
-12,-1092,-100,51.259
-8,-1108,-108,51.273
-4,-1084,-128,51.303
-8,-1108,-116,51.317
-4,-1092,-116,51.333
-4,-1092,-116,51.348
4,-1096,-120,51.363
4,-1048,-128,51.392
4,-1048,-128,51.408
8,-1044,-116,51.422
4,-1016,-96,51.438
12,-1004,-112,51.452
-4,-992,-60,51.482
0,-968,-68,51.496
44,-972,-124,51.512
44,-972,-124,51.527
-12,-948,-4,51.542
12,-948,-72,51.557
20,-908,-64,51.571
-12,-948,0,51.601
24,-904,-52,51.615
-12,-932,-4,51.631
-12,-932,-4,51.646
-4,-940,-12,51.661
-28,-976,12,51.691
-28,-976,12,51.706
24,-976,-80,51.72
-12,-996,-20,51.736
-4,-1024,-48,51.75
-4,-1024,-48,51.766
4,-1004,-68,51.784
-20,-1052,-28,51.798
4,-1048,-88,51.813
0,-1072,-100,51.843
-16,-1096,-68,51.861
4,-1048,-116,51.876
-20,-1104,-84,51.891
-20,-1104,-84,51.905
-12,-1080,-108,51.921
-12,-1092,-104,51.935
-16,-1108,-112,51.951
-16,-1080,-120,51.98
-40,-1092,-108,51.995
-28,-1048,-108,52.01
-20,-1060,-128,52.028
-20,-1060,-128,52.043
-48,-1036,-76,52.058
-36,-1008,-64,52.088
-36,-1008,-64,52.102
-32,-1004,-80,52.118
-32,-1004,-80,52.118
-24,-988,-80,52.132
-32,-976,-68,52.147
-36,-964,-56,52.177
-32,-960,-56,52.192
-40,-964,-36,52.207
-40,-964,-36,52.221
-20,-960,-48,52.237
-32,-952,-12,52.251
-20,-972,-44,52.267
-40,-980,8,52.297
-16,-1008,-48,52.311
-24,-996,-12,52.326
-24,-996,-12,52.341
-12,-1028,-40,52.356
-20,-1024,-40,52.374
-24,-1044,-48,52.389
-24,-1044,-48,52.404
-12,-1064,-84,52.418
-16,-1096,-88,52.448
-16,-1096,-88,52.464
-16,-1076,-80,52.478
-16,-1084,-100,52.493
-12,-1104,-100,52.508
-4,-1080,-112,52.538
-4,-1100,-120,52.553
-12,-1072,-116,52.567
-12,-1072,-116,52.583
4,-1072,-136,52.597
0,-1048,-120,52.613
4,-1036,-116,52.627
4,-1036,-116,52.642
4,-1028,-112,52.657
8,-1004,-112,52.687
8,-1004,-112,52.702
0,-984,-56,52.717
4,-972,-72,52.732
28,-968,-116,52.746
28,-968,-116,52.762
-12,-936,-12,52.776
8,-924,-36,52.806
8,-924,-36,52.821
0,-944,-20,52.836
16,-936,-56,52.851
-16,-952,-16,52.868
4,-952,-28,52.884
8,-952,-44,52.913
-12,-972,-12,52.929
12,-976,-68,52.943
12,-976,-68,52.959
-12,-996,-16,52.973
4,-1012,-64,52.987
0,-1020,-52,53.003
-12,-1052,-48,53.033
0,-1032,-72,53.048
0,-1072,-92,53.062
0,-1072,-92,53.078
8,-1048,-108,53.108
-24,-1096,-76,53.122
-16,-1064,-112,53.152
-16,-1084,-112,53.166
-24,-1080,-112,53.182
-24,-1080,-112,53.197
-16,-1068,-128,53.212
-20,-1048,-112,53.241
-20,-1048,-112,53.257
-28,-1040,-116,53.271
-32,-1032,-100,53.287
-28,-1012,-108,53.301
-28,-1012,-108,53.319
-28,-996,-76,53.334
-24,-972,-72,53.349
-28,-996,-92,53.364
-32,-984,-72,53.394
-36,-972,-48,53.408
-32,-972,-56,53.424
-32,-972,-56,53.438
-32,-968,-32,53.454
-20,-968,-36,53.468
-16,-976,-36,53.483
-28,-980,-4,53.513
-16,-992,-40,53.531
-24,-1020,-24,53.561
-24,-1020,-24,53.575
-8,-1012,-52,53.591
-28,-1036,-24,53.605
-16,-1044,-56,53.621
-16,-1044,-56,53.635
-16,-1048,-52,53.65
-12,-1076,-84,53.665
-8,-1076,-80,53.68
-12,-1076,-88,53.698
-12,-1076,-88,53.716
-12,-1068,-88,53.73
4,-1076,-116,53.746
-16,-1068,-84,53.76
-16,-1068,-84,53.776
8,-1068,-124,53.79
12,-1052,-132,53.82
12,-1052,-132,53.835
4,-1032,-104,53.85
0,-1032,-116,53.865
12,-1008,-100,53.88
12,-1008,-100,53.895
4,-1008,-96,53.909
8,-976,-84,53.939
-8,-972,-48,53.969
20,-952,-100,53.984
12,-956,-68,53.999
12,-956,-68,54.014
-16,-936,-4,54.029
32,-940,-100,54.044
-12,-936,8,54.059
-12,-936,8,54.074
0,-944,-44,54.088
4,-944,-44,54.104
-20,-960,-8,54.118
-20,-960,-8,54.134
12,-964,-52,54.148
-16,-980,-24,54.163
0,-1000,-28,54.178
0,-1000,-28,54.193
4,-1000,-60,54.208
4,-1032,-60,54.237
4,-1032,-60,54.253
-12,-1040,-40,54.267
-12,-1056,-56,54.283
-4,-1048,-92,54.297
-20,-1072,-64,54.327
-12,-1080,-92,54.342
-8,-1052,-84,54.357
-8,-1052,-84,54.372
-24,-1096,-92,54.387
-24,-1076,-104,54.416
-24,-1076,-104,54.432
-20,-1056,-112,54.446
-20,-1040,-128,54.462
-36,-1048,-96,54.476
-24,-1020,-128,54.506
-36,-1028,-92,54.521
-28,-1012,-88,54.538
-28,-988,-96,54.554
-28,-988,-96,54.569
-32,-988,-80,54.583
-20,-1004,-100,54.613
-20,-1004,-100,54.629
-40,-976,-36,54.643
-24,-980,-72,54.657
-36,-968,-32,54.673
-28,-984,-52,54.703
-24,-996,-28,54.718
-24,-988,-28,54.732
-24,-988,-28,54.748
-24,-1008,-28,54.762
-24,-1000,-16,54.778
-16,-1016,-40,54.792
-20,-1016,-28,54.822
-16,-1044,-56,54.836
-20,-1040,-36,54.855
-12,-1052,-68,54.873
-8,-1056,-68,54.891
-8,-1056,-68,54.905
-8,-1076,-88,54.921
-12,-1064,-76,54.935
-4,-1072,-100,54.951
-4,-1072,-100,54.965
-16,-1052,-76,54.981
-12,-1048,-80,55.01
-12,-1048,-80,55.025
4,-1056,-120,55.04
0,-1040,-108,55.055
-4,-1032,-100,55.07
8,-1020,-124,55.1
0,-1000,-96,55.114
12,-1000,-100,55.13
12,-1000,-100,55.144
4,-976,-96,55.159
-4,-960,-72,55.189
16,-948,-92,55.234
-20,-944,-16,55.249
16,-944,-72,55.279
-12,-948,-24,55.293
-4,-968,-40,55.309
-4,-968,-40,55.323
4,-948,-48,55.338
-8,-968,-12,55.353
-4,-976,-36,55.368
-4,-976,-36,55.386
-4,-984,-36,55.401
-16,-1004,-32,55.416
4,-1000,-60,55.43
4,-1000,-60,55.446
-16,-1028,-16,55.46
-8,-1024,-56,55.476
-8,-1040,-40,55.49
-8,-1040,-40,55.505
-12,-1064,-60,55.52
-8,-1036,-80,55.535
-20,-1076,-84,55.552
-12,-1064,-76,55.568
-12,-1064,-76,55.583
-16,-1056,-100,55.597
-20,-1092,-104,55.613
-8,-1044,-108,55.627
-8,-1044,-108,55.577
-24,-1072,-96,55.592
-28,-1032,-100,55.607
-12,-1040,-136,55.621
-12,-1040,-136,55.637
-12,-1040,-136,55.637
-40,-1032,-92,55.651
-12,-1012,-128,55.665
-40,-1008,-84,55.681
-28,-1008,-96,55.711
-28,-984,-84,55.725
-36,-984,-64,55.741
-24,-988,-80,55.77
-32,-972,-60,55.786
-40,-984,-52,55.8
-40,-984,-52,55.816
-28,-980,-44,55.83
-32,-972,-20,55.844
-20,-984,-44,55.86
-32,-976,-20,55.89
-20,-996,-40,55.904
-12,-992,-24,55.92
-12,-992,-24,55.935
-20,-1004,-24,55.949
-12,-1008,-40,55.965
-20,-1016,-28,55.979
-12,-1040,-56,56.009
-24,-1040,-40,56.023
-16,-1060,-60,56.039
-16,-1060,-60,56.054
-20,-1056,-64,56.069
-8,-1056,-80,56.098
-8,-1056,-80,56.114
-8,-1056,-96,56.128
-12,-1056,-84,56.144
0,-1052,-100,56.158
0,-1036,-104,56.188
8,-1044,-124,56.202
-4,-1012,-92,56.218
-4,-1012,-92,56.233
0,-1020,-120,56.248
-4,-1000,-100,56.263
8,-1000,-116,56.277
-4,-988,-84,56.307
0,-976,-100,56.325
0,-968,-72,56.341
0,-960,-64,56.355
0,-960,-64,56.37
0,-924,-20,56.4
8,-984,-64,56.418
8,-984,-64,56.433
-8,-928,-44,56.448
-8,-936,12,56.462
4,-968,-40,56.478
4,-968,-40,56.492
-8,-948,-40,56.508
0,-976,-56,56.522
-8,-988,-28,56.537
-8,-988,-28,56.552
-16,-980,-8,56.567
8,-1004,-72,56.585
-16,-1016,-4,56.6
-4,-1036,-68,56.615
-12,-1028,-40,56.645
-12,-1044,-88,56.659
-4,-1024,-108,56.675
-4,-1024,-108,56.689
-16,-1044,-48,56.704
-16,-1052,-36,56.719
-8,-1040,-92,56.734
-8,-1040,-92,56.75
-32,-1060,-76,56.764
-12,-1040,-124,56.778
-28,-1056,-88,56.808
-24,-1044,-104,56.824
-20,-1028,-116,56.838
-32,-1036,-108,56.854
-32,-1036,-108,56.868
-20,-1020,-108,56.883
-24,-1016,-108,56.898
-36,-1000,-72,56.913
-20,-992,-100,56.931
-40,-984,-68,56.961
-28,-984,-80,56.975
-28,-984,-76,56.991
-28,-984,-76,57.005
-32,-984,-72,57.021
-28,-984,-60,57.035
-28,-984,-44,57.065
-24,-976,-44,57.08
-24,-996,-40,57.095
-24,-988,-28,57.11
-24,-988,-28,57.124
-16,-996,-40,57.14
-8,-1012,-48,57.17
-8,-1012,-48,57.184
-20,-1024,-28,57.199
-12,-1032,-36,57.214
-12,-1028,-44,57.229
-12,-1028,-44,57.247
-8,-1048,-56,57.262
-8,-1048,-84,57.292
-8,-1048,-84,57.307
-16,-1048,-52,57.322
-4,-1056,-96,57.339
-8,-1044,-84,57.355
-8,-1044,-84,57.37
-4,-1040,-92,57.384
-8,-1044,-88,57.4
0,-1032,-100,57.43
-4,-1032,-100,57.444
0,-1020,-108,57.458
4,-1000,-108,57.474
0,-1004,-104,57.504
4,-984,-92,57.519
0,-988,-92,57.533
0,-988,-92,57.549
0,-976,-88,57.563
4,-964,-96,57.579
-4,-964,-60,57.593
-4,-964,-60,57.608
12,-964,-84,57.623
0,-952,-56,57.637
0,-956,-44,57.653
0,-956,-44,57.668
8,-952,-60,57.683
-4,-960,-36,57.698
4,-968,-44,57.712
-4,-968,-36,57.742
-8,-988,-28,57.758
0,-984,-40,57.772
0,-984,-40,57.787
-4,-1004,-32,57.802
0,-1016,-44,57.832
0,-1016,-44,57.847
-12,-1028,-64,57.879
-4,-1040,-48,57.895
-12,-1036,-64,57.909
-12,-1036,-64,57.925
-12,-1048,-80,57.939
-12,-1044,-76,57.954
-16,-1056,-88,57.969
-16,-1028,-80,57.999
-28,-1044,-88,58.014
-20,-1032,-104,58.028
-20,-1032,-104,58.044
-28,-1028,-104,58.058
-28,-1028,-104,58.074
-28,-1012,-96,58.088
-32,-1016,-92,58.118
-28,-1000,-100,58.133
-32,-1004,-96,58.148
-32,-1004,-96,58.163
-28,-996,-84,58.178
-24,-984,-88,58.193
-24,-980,-80,58.223
-32,-980,-56,58.237
-32,-1000,-76,58.253
-20,-968,-76,58.267
-20,-968,-76,58.282
-36,-1008,-32,58.297
-20,-988,-64,58.312
-16,-976,-44,58.33
-20,-1012,-24,58.348
-12,-996,-32,58.378
-16,-1024,-44,58.392
-28,-1012,-24,58.408
-4,-1020,-52,58.438
-24,-1036,-28,58.452
-8,-1040,-60,58.467
-8,-1040,-60,58.482
-12,-1040,-48,58.497
-24,-1044,-52,58.512
-8,-1040,-76,58.527
-12,-1036,-76,58.557
-8,-1052,-80,58.571
-4,-1040,-92,58.587
-4,-1040,-92,58.601
-16,-1024,-72,58.617
-4,-1036,-96,58.631
0,-1024,-112,58.646
-8,-1008,-88,58.676
4,-1016,-112,58.691
-8,-996,-76,58.706
-8,-996,-76,58.72
0,-1004,-108,58.736
0,-980,-92,58.75
4,-984,-84,58.766
4,-984,-84,58.78
0,-960,-84,58.795
0,-972,-76,58.81
0,-956,-68,58.825
12,-960,-92,58.843
12,-960,-92,58.858
-4,-964,-48,58.873
-4,-964,-56,58.887
0,-952,-52,58.903
0,-952,-52,58.917
-12,-972,-36,58.933
4,-972,-52,58.947
-8,-980,-48,58.962
0,-984,-56,59.009
-12,-1000,-36,59.025
-12,-1000,-36,59.04
-8,-1008,-32,59.054
-4,-1008,-44,59.07
-12,-1008,-24,59.084
-8,-1036,-56,59.114
-4,-1028,-60,59.128
-20,-1036,-48,59.144
-20,-1036,-48,59.159
-12,-1048,-84,59.174
-24,-1028,-68,59.189
-16,-1056,-88,59.204
-12,-1048,-84,59.233
-36,-1024,-56,59.249
-8,-1048,-108,59.263
-8,-1048,-108,59.279
-28,-1020,-76,59.293
-16,-1012,-104,59.323
-16,-1012,-104,59.338
-32,-1008,-84,59.353
-16,-992,-116,59.368
-36,-1000,-80,59.382
-28,-988,-84,59.4
-28,-972,-88,59.43
-32,-988,-72,59.446
-28,-972,-64,59.46
-28,-972,-64,59.475
-16,-988,-92,59.489
-8,-976,-88,59.505
-48,-1008,-20,59.523
-4,-984,-100,59.541
-32,-976,-16,59.571
-24,-1008,-68,59.585
-12,-1000,-24,59.601
-12,-1000,-24,59.615
-20,-1012,-52,59.63
-16,-1020,-24,59.645
-4,-1032,-64,59.66
-40,-1032,12,59.678
-40,-1032,12,59.693
4,-1048,-88,59.708
-32,-1040,-12,59.722
-8,-1040,-64,59.738
-8,-1032,-48,59.768
-16,-1040,-64,59.782
-8,-1024,-80,59.797
-8,-1024,-80,59.812
-8,-1036,-88,59.827
-16,-1040,-68,59.844
4,-1000,-92,59.86
-8,-1000,-60,59.889
0,-992,-100,59.905
0,-996,-84,59.919
0,-996,-84,59.935
-8,-1004,-112,59.949
4,-956,-104,59.963
500,-908,-540,59.979
484,-840,-156,60.009
184,-1008,268,60.023
92,-996,-116,60.039
92,-996,-116,60.054
-1200,-820,1248,60.068
-504,-1340,100,60.084
-752,-840,932,60.098
144,-1232,860,60.128
4,-1028,-284,60.142
-68,-896,-200,60.158
-68,-896,-200,60.173
-232,-1124,-180,60.188
-168,-1008,32,60.217
-168,-1008,32,60.233
-228,-952,-4,60.247
-212,-996,28,60.263
-180,-968,52,60.277
-196,-960,4,60.307
-216,-952,4,60.321
-232,-1032,0,60.336
-232,-1032,0,60.352
-192,-1016,28,60.367
-180,-956,92,60.382
-248,-956,28,60.396
-184,-1212,136,60.426
-200,-992,44,60.442
-144,-844,72,60.456
-144,-844,72,60.471
-212,-864,32,60.486
